,state,tot_ind_registered,tot_sess_conducted,tot_sites ,first_dose_administered,second_dose_administered,male_ind _vaccinated,female_Ind_vaccinated,trans_ind_vaccinated,tot_covaxin_administered,tot_covishield_administered,pop_aadhar,per_ind_reg,per_pop_vacc,rat_vacc_pop,Active,rat_indreg_act,rat_act_vacc
0,Andaman and Nicobar Islands,87865,3500,35,87865,9527,47711,40146,8,0,97392,387019,22.703019748384445,22.703019748384445,0.25164655998801094,19.0,0.00021624082399135036,0.00021624082399135036
1,Andhra Pradesh,4547972,84100,560,4547972,1130670,2313082,2234361,529,1035700,4642942,49145456,9.254104794551097,9.254104794551097,0.11554765103817533,83650.0,0.018392813324268488,0.018392813324268488
2,Arunachal Pradesh,163535,6100,43,163535,46800,92072,71392,71,0,210335,1229964,13.295917604092477,13.295917604092477,0.171009070184168,547.0,0.003344849726358272,0.003344849726358272
3,Assam,1605126,94500,797,1605126,415395,886426,718504,196,380857,1639664,6755448,23.760467107436842,23.760467107436842,0.2990950415131609,80177.0,0.049950595778773754,0.049950595778773754
4,Bihar,5534535,364600,2201,5534535,902592,2823940,2709931,664,352127,6085000,102714667,5.388261639401509,5.388261639401509,0.06266998850319984,96471.0,0.017430732663177666,0.017430732663177666
5,Chandigarh,140795,7000,55,140795,37860,82042,58746,7,0,178655,1131522,12.442975037162336,12.442975037162336,0.15788910865188657,5575.0,0.039596576582975246,0.039596576582975246
6,Chhattisgarh,4746201,374025,3103,4746201,616146,2307527,2438172,502,80052,5282295,27414422,17.312788867115273,17.312788867115273,0.19560313910685406,112561.0,0.023716020455096614,0.023716020455096614
7,Dadra and Nagar Haveli and Daman and Diu,76905,5300,53,76905,13545,45864,31038,3,0,90450,583382,13.182614479020607,13.182614479020607,0.1550442077403828,479.0,0.006228463688966907,0.006228463688966907
8,Delhi,2425352,95000,757,2425352,578125,1411612,1013331,409,904993,2098484,21763471,11.144141483681532,11.144141483681532,0.13800542202114727,89592.0,0.036939792656900935,0.036939792656900935
9,Goa,241453,4700,43,241453,62556,121382,120053,18,0,304009,1587012,15.21431469957379,15.21431469957379,0.19156061831920615,3617.0,0.014980141062649874,0.014980141062649874
10,Gujarat,9549793,599070,3852,9549793,1988068,5061199,4487467,1127,1117611,10420250,62097024,15.37882556175317,15.37882556175317,0.18580376734318219,55880.0,0.00585143573269075,0.00585143573269075
11,Haryana,3059704,108570,958,3059704,480171,1574902,1484399,403,421983,3117892,28941133,10.572163847213584,10.572163847213584,0.12231293778305086,51436.0,0.016810776467266114,0.016810776467266114
12,Himachal Pradesh,1363273,30550,268,1363273,185235,659285,703782,206,2,1548506,7560770,18.03087516218586,18.03087516218586,0.20480824043053816,23641.0,0.017341354226189473,0.017341354226189473
13,Jammu and Kashmir,1731283,178650,1544,1731283,311925,1037167,693824,292,0,2043208,10436172,16.58925322426652,16.58925322426652,0.19578136504457766,17666.0,0.01020399322352267,0.01020399322352267
14,Jharkhand,2558670,113300,1039,2558670,419195,1308648,1249778,244,255987,2721878,34607477,7.3934022985842045,7.3934022985842045,0.08604686784881775,38274.0,0.014958552685574928,0.014958552685574928
15,Karnataka,7495232,705670,6449,7495232,1178314,3556456,3937819,957,861190,7812356,62462743,11.999524260405918,11.999524260405918,0.13885951182131082,39320.0,0.0052460017248298655,0.0052460017248298655
16,Kerala,5801281,80837,597,5801281,1045794,2621806,3178777,698,344350,6502725,36475649,15.904531266873414,15.904531266873414,0.18771633096918988,232808.0,0.040130447051263334,0.040130447051263334
17,Ladakh,71734,600,6,71734,25222,38715,33014,5,0,96956,210156,34.133691162755284,34.133691162755284,0.4613525190810636,0.0,0.0,0.0
18,Lakshadweep,17538,1300,12,17538,3825,10016,7519,3,0,21363,70374,24.9211356466877,24.9211356466877,0.3035638161821127,1179.0,0.06722545330140267,0.06722545330140267
19,Madhya Pradesh,6949787,74730,425,6949787,958924,3713363,3235596,828,714407,7194304,74770270,9.294853422356239,9.294853422356239,0.10577347119383146,89057.0,0.012814349562080104,0.012814349562080104
20,Maharashtra,12404273,639205,3985,12404273,1937912,6687026,5715713,1534,1622286,12719899,114063427,10.874890686915798,10.874890686915798,0.12573868221581663,621238.0,0.050082580414023456,0.050082580414023456
21,Manipur,126565,3600,34,126565,55981,83400,43160,5,0,182546,2515724,5.030957291022386,5.030957291022386,0.07256201395701595,22943.0,0.18127444396160075,0.18127444396160075
22,Meghalaya,158278,6100,48,158278,51894,80637,77627,14,0,210172,978281,16.17919595698986,16.17919595698986,0.2148380679988674,1403.0,0.008864150418883231,0.008864150418883231
23,Mizoram,170856,550,4,170856,40364,86239,84610,7,0,211220,1089577,15.680947743940997,15.680947743940997,0.19385504649969668,672.0,0.003933136676499509,0.003933136676499509
24,Nagaland,137582,2450,17,137582,35067,82794,54779,9,0,172649,1262729,10.895607846180772,10.895607846180772,0.13672688280699977,562.0,0.004084836679216758,0.004084836679216758
25,Odisha,4735952,57380,333,4735952,794127,2462245,2273030,677,362409,5167670,42825628,11.058686635021441,11.058686635021441,0.12913013207885707,39782.0,0.008400000675682523,0.008400000675682523
26,Puducherry,162241,10400,60,162241,20135,81880,80340,21,74,182302,1286189,12.61408704319505,12.61408704319505,0.14179564589652066,7510.0,0.04628916241887069,0.04628916241887069
27,Punjab,2676116,399500,3232,2676116,318920,1518263,1157570,283,271972,2723064,30355185,8.816009521931756,8.816009521931756,0.09866637281242067,37682.0,0.014080854492107218,0.014080854492107218
28,Rajasthan,10388394,538980,2674,10388394,1959332,5246928,5140063,1403,586354,11761372,68936999,15.069402716529625,15.069402716529625,0.1791160941020946,142064.0,0.013675261065377382,0.013675261065377382
29,Sikkim,153939,4200,21,153939,31956,82716,71202,21,0,185895,578914,26.590996244692647,26.590996244692647,0.32110987124166973,0.0,0.0,0.0
30,Tamil Nadu,4388384,604336,4852,4388384,962689,2272205,2115700,479,761022,4590051,72344821,6.065926958337488,6.065926958337488,0.0739662207471631,91326.0,0.0208108497342074,0.0208108497342074
31,Telangana,3559142,135990,977,3559142,512327,1826899,1731547,696,582589,3488880,39184011,9.083148736355755,9.083148736355755,0.10390638671472402,190222.0,0.05344602716047857,0.05344602716047857
32,Tripura,824638,67900,386,824638,196256,427061,397476,101,0,1020894,3672693,22.45322437786115,22.45322437786115,0.27796878203541653,777.0,0.0009422316216327649,0.0009422316216327649
33,Uttar Pradesh,9783480,114165,776,9783480,2000449,5502900,4279015,1565,1114989,10668940,203757489,4.801531491193435,4.801531491193435,0.057833108652021126,273312.0,0.02793607182720259,0.02793607182720259
34,Uttarakhand,1531495,117200,544,1531495,337290,769950,761318,227,833,1867952,11082791,13.818676180034434,13.818676180034434,0.16862043144186334,26108.0,0.017047394865801063,0.017047394865801063
35,West Bengal,8243729,210925,1187,8243729,1725523,4422524,3820268,937,1078588,8890664,91928327,8.967561217555934,8.967561217555934,0.10844592004812618,42074.0,0.005103758262795878,0.005103758262795878
