,state,state_demog_ind,per_pop_vacc,ratio_beds_active,sv
0,Andaman and Nicobar Islands,0.010185675302866713,22.703019748384445,127.7894736842105,0.044654088589649435
1,Andhra Pradesh,1.4161432789643262,9.254104794551097,1.0112133891213388,12.102330420687156
2,Arunachal Pradesh,0.04011982066152092,13.295917604092473,8.998171846435099,0.8759680020574021
3,Assam,0.9621584514520996,23.76046710743684,0.4825448694762837,9.683982544928945
4,Bihar,2.3709158047670593,5.388261639401509,0.3131821998320739,61.62990700273869
5,Chandigarh,0.04490931044738919,12.442975037162334,0.8258295964125558,9.77653344778912
6,Chhattisgarh,0.7784778191222664,17.312788867115273,0.2111388491573458,28.135247696958277
7,Dadra and Nagar Haveli and Daman and Diu,0.010666276628568571,13.182614479020607,1.1231732776617953,6.764520558778926
8,Delhi,0.004959599460882527,11.144141483681533,0.5398249843736048,16.62761500915562
9,Goa,0.05890336428315493,15.214314699573789,1.6226154271495714,4.109621310801829
10,Gujarat,1.3174147186090284,15.378825561753171,1.3418933428775948,6.163140465456466
11,Haryana,0.713159715876345,10.572163847213584,0.5311455012053814,18.521465629947308
12,Himachal Pradesh,0.251437281137937,18.03087516218586,0.9286409204348378,6.223651492340751
13,Jammu and Kashmir,0.2945169727550933,16.58925322426652,1.4539793954488849,4.440379635976966
14,Jharkhand,0.7779006792102935,7.3934022985842045,0.4976485342530177,27.956866816624196
15,Karnataka,0.9441109942759573,11.999524260405916,3.287461851475076,3.4790951545971986
16,Kerala,1.2870917522061969,15.904531266873414,0.3412125012886155,19.714072892669286
18,Lakshadweep,0.0005435678213941837,24.9211356466877,0.4664970313825276,8.602223659881231
19,Madhya Pradesh,1.959410144221329,9.29485342235624,0.775974937399643,15.824087258091483
20,Maharashtra,3.6447137099417755,10.874890686915796,0.2044884569198922,48.61299636231273
21,Manipur,0.08781232693830374,5.0309572910223865,0.17709105173691322,112.32912890603109
22,Meghalaya,0.07516012134431525,16.17919595698986,6.620812544547397,1.0086976319413126
23,Mizoram,0.035194077085135056,15.680947743940994,6.4122023809523805,1.0297299927431314
24,Nagaland,0.06085632443576807,10.895607846180773,7.512455516014235,1.2825620883179796
25,Odisha,1.0461164076872267,11.058686635021438,0.8920617364637273,11.1829317857454
26,Puducherry,0.04823696974359862,12.614087043195049,1.0793608521970706,7.392995361350419
27,Punjab,0.8035032497736014,8.816009521931756,0.9313996072395307,12.981949928008085
28,Rajasthan,1.808291821256575,15.069402716529625,0.6074867665277621,12.731925785575587
29,Tamil Nadu,2.5967768242701177,6.065926958337487,1.6684952806429714,12.477252216744912
30,Telangana,0.5116984053329451,9.083148736355755,0.21034370367255104,52.85173929712767
31,Tripura,0.1250785294052761,22.453224377861147,12.047619047619047,0.4947535086969441
32,Uttar Pradesh,4.784836848933227,4.801531491193435,0.5159890528041213,45.14749230278174
33,Uttarakhand,0.23874134962974625,13.818676180034435,0.6348245748429601,11.638084561416049
34,West Bengal,1.3717367927784614,8.967561217555932,3.2174264391310547,4.837644737753356
