statename,no_hh,tot_p,tot_m,tot_f,p_06,m_06,f_06,p_sc,m_sc,f_sc,p_st,m_st,f_st,p_lit,m_lit,f_lit,p_ill,m_ill,f_ill,tot_work_p,tot_work_m,tot_work_f,mainwork_p,mainwork_m,mainwork_f,main_cl_p,main_cl_m,main_cl_f,main_al_p,main_al_m,main_al_f,main_hh_p,main_hh_m,main_hh_f,main_ot_p,main_ot_m,main_ot_f,margwork_p,margwork_m,margwork_f,marg_cl_p,marg_cl_m,marg_cl_f,marg_al_p,marg_al_m,marg_al_f,marg_hh_p,marg_hh_m,marg_hh_f,marg_ot_p,marg_ot_m,marg_ot_f,margwork_3_6_p,margwork_3_6_m,margwork_3_6_f,marg_cl_3_6_p,marg_cl_3_6_m,marg_cl_3_6_f,marg_al_3_6_p,marg_al_3_6_m,marg_al_3_6_f,marg_hh_3_6_p,marg_hh_3_6_m,marg_hh_3_6_f,marg_ot_3_6_p,marg_ot_3_6_m,marg_ot_3_6_f,margwork_0_3_p,margwork_0_3_m,margwork_0_3_f,marg_cl_0_3_p,marg_cl_0_3_m,marg_cl_0_3_f,marg_al_0_3_p,marg_al_0_3_m,marg_al_0_3_f,marg_hh_0_3_p,marg_hh_0_3_m,marg_hh_0_3_f,marg_ot_0_3_p,marg_ot_0_3_m,marg_ot_0_3_f,non_work_p,non_work_m,non_work_f,livingatlassdeIND_DIST_Demographyarea,st_areashape,st_lengthshape,Confirmed,Active,Recovered,Deceased,Migrated_Other,Delta_Confirmed,Delta_Active,Delta_Recovered,Delta_Deceased
Andaman & Nicobar Islands,68352.0,274984.0,148010.0,126974.0,29050.0,14779.0,14271.0,0.0,0.0,0.0,27772.0,14316.0,13456.0,215598.0,121191.0,94407.0,59386.0,26819.0,32567.0,113956.0,90277.0,23679.0,94872.0,77720.0,17152.0,4630.0,3453.0,1177.0,1807.0,1558.0,249.0,1207.0,829.0,378.0,87228.0,71880.0,15348.0,19084.0,12557.0,6527.0,1210.0,692.0,518.0,1059.0,772.0,287.0,2260.0,1240.0,1020.0,14555.0,9853.0,4702.0,15439.0,10134.0,5305.0,999.0,573.0,426.0,811.0,608.0,203.0,1731.0,979.0,752.0,11898.0,7974.0,3924.0,3645.0,2423.0,1222.0,211.0,119.0,92.0,248.0,164.0,84.0,529.0,261.0,268.0,2657.0,1879.0,778.0,161028.0,57733.0,103295.0,4513.0,4196022095.83183,2108804.0063170358,51,19,32,0,0,0,0,0,0
Andhra Pradesh,11181704.0,43540773.0,21793317.0,21747456.0,4586489.0,2356644.0,2229845.0,7313016.0,3643319.0,3669697.0,2269262.0,1125660.0,1143602.0,26223577.0,14495369.0,11728208.0,17317196.0,7297948.0,10019248.0,20334941.0,12766405.0,7568536.0,17074720.0,11393301.0,5681419.0,2699910.0,1934944.0,764966.0,7702670.0,4226146.0,3476524.0,454830.0,279039.0,175791.0,6217310.0,4953172.0,1264138.0,3260221.0,1373104.0,1887117.0,206825.0,84143.0,122682.0,2107281.0,771884.0,1335397.0,115263.0,42723.0,72540.0,830852.0,474354.0,356498.0,2811199.0,1197984.0,1613215.0,177961.0,71729.0,106232.0,1831997.0,680374.0,1151623.0,91963.0,34497.0,57466.0,709278.0,411384.0,297894.0,449022.0,175120.0,273902.0,28864.0,12414.0,16450.0,275284.0,91510.0,183774.0,23300.0,8226.0,15074.0,121574.0,62970.0,58604.0,23205832.0,9026912.0,14178920.0,131770.0,143853113752.41318,9496138.79619894,903751,83650,813435,6666,0,7806,3782,3982,42
Arunachal Pradesh,268625.0,1375723.0,709498.0,666225.0,211104.0,107050.0,104054.0,0.0,0.0,0.0,946120.0,465540.0,480580.0,761569.0,437254.0,324315.0,614154.0,272244.0,341910.0,584102.0,348045.0,236057.0,476196.0,299467.0,176729.0,247313.0,129575.0,117738.0,20208.0,11876.0,8332.0,4711.0,2758.0,1953.0,203964.0,155258.0,48706.0,107906.0,48578.0,59328.0,54120.0,22621.0,31499.0,15857.0,6420.0,9437.0,3586.0,1359.0,2227.0,34343.0,18178.0,16165.0,88526.0,39887.0,48639.0,43480.0,18321.0,25159.0,12901.0,5065.0,7836.0,2571.0,970.0,1601.0,29574.0,15531.0,14043.0,19380.0,8691.0,10689.0,10640.0,4300.0,6340.0,2956.0,1355.0,1601.0,1015.0,389.0,626.0,4769.0,2647.0,2122.0,791621.0,361453.0,430168.0,74614.0,92868456543.47995,7222949.954464901,15851,547,15251,53,0,0,0,0,0
Assam,6406471.0,31205576.0,15939443.0,15266133.0,4638130.0,2363485.0,2274645.0,2231321.0,1145314.0,1086007.0,3884371.0,1957005.0,1927366.0,19177977.0,10568639.0,8609338.0,12027599.0,5370804.0,6656795.0,11969690.0,8541560.0,3428130.0,8687123.0,7034642.0,1652481.0,3138554.0,2698384.0,440170.0,903294.0,705306.0,197988.0,242071.0,146566.0,95505.0,4403204.0,3484386.0,918818.0,3282567.0,1506918.0,1775649.0,923073.0,401379.0,521694.0,942052.0,423904.0,518148.0,249250.0,59178.0,190072.0,1168192.0,622457.0,545735.0,2697230.0,1251614.0,1445616.0,745491.0,328113.0,417378.0,772239.0,351027.0,421212.0,195248.0,46412.0,148836.0,984252.0,526062.0,458190.0,585337.0,255304.0,330033.0,177582.0,73266.0,104316.0,169813.0,72877.0,96936.0,54002.0,12766.0,41236.0,183940.0,96395.0,87545.0,19235886.0,7397883.0,11838003.0,78438.0,98075388226.59787,11633345.93152425,125318,80177,44101,774,0,0,0,0,0
Bihar,17362602.0,95978728.0,50007516.0,45971212.0,17495749.0,9043137.0,8452612.0,15606631.0,8100174.0,7506457.0,1017118.0,519165.0,497953.0,49013841.0,29428004.0,19585837.0,46964887.0,20579512.0,26385375.0,31835108.0,23185331.0,8649777.0,19624918.0,15866967.0,3757951.0,5021298.0,4343780.0,677518.0,8543517.0,6604395.0,1939122.0,742321.0,464041.0,278280.0,5317782.0,4454751.0,863031.0,12210190.0,7318364.0,4891826.0,1661812.0,987216.0,674596.0,7903381.0,4715494.0,3187887.0,599804.0,259140.0,340664.0,2045193.0,1356514.0,688679.0,9967342.0,6181152.0,3786190.0,1347562.0,828038.0,519524.0,6458785.0,3997944.0,2460841.0,443451.0,202489.0,240962.0,1717544.0,1152681.0,564863.0,2242848.0,1137212.0,1105636.0,314250.0,159178.0,155072.0,1444596.0,717550.0,727046.0,156353.0,56651.0,99702.0,327649.0,203833.0,123816.0,64143620.0,26822185.0,37321435.0,84940.0,104610795446.43208,14048119.154520726,498704,96471,398503,3715,15,877,-1574,2393,58
Chandigarh,241173.0,1055450.0,580663.0,474787.0,119434.0,63536.0,55898.0,199086.0,106356.0,92730.0,0.0,0.0,0.0,805438.0,465346.0,340092.0,250012.0,115317.0,134695.0,404136.0,328159.0,75977.0,385929.0,317190.0,68739.0,2169.0,1906.0,263.0,1396.0,1166.0,230.0,4219.0,3278.0,941.0,378145.0,310840.0,67305.0,18207.0,10969.0,7238.0,409.0,208.0,201.0,291.0,209.0,82.0,580.0,209.0,371.0,16927.0,10343.0,6584.0,15188.0,9057.0,6131.0,386.0,196.0,190.0,246.0,183.0,63.0,422.0,151.0,271.0,14134.0,8527.0,5607.0,3019.0,1912.0,1107.0,23.0,12.0,11.0,45.0,26.0,19.0,158.0,58.0,100.0,2793.0,1816.0,977.0,651314.0,252504.0,398810.0,114.0,154899172.761906,81606.54377528389,39513,5575,33498,440,0,821,339,477,5
Chhatisgarh,5887014.0,26589120.0,13368752.0,13220368.0,3845306.0,1952973.0,1892333.0,3429353.0,1723326.0,1706027.0,8134175.0,4028177.0,4105998.0,15956848.0,9146688.0,6810160.0,10632272.0,4222064.0,6410208.0,12536956.0,7371055.0,5165901.0,8606395.0,5837207.0,2769188.0,3070158.0,2077217.0,992941.0,2663534.0,1473316.0,1190218.0,140316.0,94282.0,46034.0,2732387.0,2192392.0,539995.0,3930561.0,1533848.0,2396713.0,930063.0,354198.0,575865.0,2598281.0,952578.0,1645703.0,53145.0,22643.0,30502.0,349072.0,204429.0,144643.0,3198394.0,1265384.0,1933010.0,739221.0,280708.0,458513.0,2161113.0,809482.0,1351631.0,40584.0,17466.0,23118.0,257476.0,157728.0,99748.0,732167.0,268464.0,463703.0,190842.0,73490.0,117352.0,437168.0,143096.0,294072.0,12561.0,5177.0,7384.0,91596.0,46701.0,44895.0,14052164.0,5997697.0,8054467.0,139611.0,164707375892.3811,14246122.25318208,609071,112561,489690,6819,1,188,102,85,1
Daman & Diu,60956.0,243247.0,150301.0,92946.0,26934.0,14144.0,12790.0,6124.0,3151.0,2973.0,15363.0,7771.0,7592.0,188406.0,124643.0,63763.0,54841.0,25658.0,29183.0,121271.0,107434.0,13837.0,116435.0,104614.0,11821.0,1649.0,1300.0,349.0,491.0,272.0,219.0,380.0,295.0,85.0,113915.0,102747.0,11168.0,4836.0,2820.0,2016.0,667.0,192.0,475.0,281.0,90.0,191.0,304.0,37.0,267.0,3584.0,2501.0,1083.0,3575.0,1923.0,1652.0,593.0,169.0,424.0,226.0,72.0,154.0,235.0,30.0,205.0,2521.0,1652.0,869.0,1261.0,897.0,364.0,74.0,23.0,51.0,55.0,18.0,37.0,69.0,7.0,62.0,1063.0,849.0,214.0,121976.0,42867.0,79109.0,111.0,162615274.3283693,97942.8160267495,2660,479,2154,1,26,52,33,19,0
Goa,343611.0,1458545.0,739140.0,719405.0,144611.0,74460.0,70151.0,25449.0,12627.0,12822.0,149275.0,72948.0,76327.0,1165487.0,615823.0,549664.0,293058.0,123317.0,169741.0,577248.0,419536.0,157712.0,476053.0,356967.0,119086.0,24062.0,14866.0,9196.0,10758.0,6532.0,4226.0,10780.0,7951.0,2829.0,430453.0,327618.0,102835.0,101195.0,62569.0,38626.0,7292.0,3982.0,3310.0,16002.0,8284.0,7718.0,3928.0,1866.0,2062.0,73973.0,48437.0,25536.0,80846.0,50303.0,30543.0,5569.0,3111.0,2458.0,11105.0,5797.0,5308.0,2943.0,1496.0,1447.0,61229.0,39899.0,21330.0,20349.0,12266.0,8083.0,1723.0,871.0,852.0,4897.0,2487.0,2410.0,985.0,370.0,615.0,12744.0,8538.0,4206.0,881297.0,319604.0,561693.0,3702.0,3941028755.26091,632396.354218978,6179,3617,2371,191,0,0,0,0,0
Gujarat,8000736.0,38802784.0,20285909.0,18516875.0,4705748.0,2495590.0,2210158.0,2235790.0,1155299.0,1080491.0,5449578.0,2750501.0,2699077.0,27030033.0,15361242.0,11668791.0,11772751.0,4924667.0,6848084.0,16036137.0,11866486.0,4169651.0,13513510.0,11008449.0,2505061.0,2852373.0,2407960.0,444413.0,3257973.0,2191626.0,1066347.0,168316.0,122685.0,45631.0,7234848.0,6286178.0,948670.0,2522627.0,858037.0,1664590.0,404584.0,91865.0,312719.0,1346019.0,373550.0,972469.0,56244.0,17885.0,38359.0,715780.0,374737.0,341043.0,2243170.0,752294.0,1490876.0,350082.0,76621.0,273461.0,1208306.0,328854.0,879452.0,48192.0,15249.0,32943.0,636590.0,331570.0,305020.0,279457.0,105743.0,173714.0,54502.0,15244.0,39258.0,137713.0,44696.0,93017.0,8052.0,2636.0,5416.0,79190.0,43167.0,36023.0,22766647.0,8419423.0,14347224.0,109286.0,119889033193.90126,12909538.35886236,308427,55880,249357,3190,0,0,0,0,0
Haryana,4370816.0,22747767.0,12106882.0,10640885.0,2929991.0,1602236.0,1327755.0,4840427.0,2565581.0,2274846.0,0.0,0.0,0.0,15032975.0,8846966.0,6186009.0,7714792.0,3259916.0,4454876.0,8081828.0,6149538.0,1932290.0,6323664.0,5284544.0,1039120.0,1837274.0,1525259.0,312015.0,850122.0,685500.0,164622.0,181339.0,143954.0,37385.0,3454929.0,2929831.0,525098.0,1758164.0,864994.0,893170.0,483244.0,145002.0,338242.0,595636.0,300368.0,295268.0,56690.0,24974.0,31716.0,622594.0,394650.0,227944.0,1394389.0,702379.0,692010.0,356893.0,102941.0,253952.0,471144.0,249208.0,221936.0,44822.0,19839.0,24983.0,521530.0,330391.0,191139.0,363775.0,162615.0,201160.0,126351.0,42061.0,84290.0,124492.0,51160.0,73332.0,11868.0,5135.0,6733.0,101064.0,64259.0,36805.0,14665939.0,5957344.0,8708595.0,41447.0,54540880819.89789,6941000.022209796,324691,51436,269910,3345,0,7874,2976,4831,67
Himachal Pradesh,1662610.0,7669762.0,3875119.0,3794643.0,865277.0,453728.0,411549.0,1935262.0,979144.0,956118.0,380156.0,190386.0,189770.0,5663602.0,3075847.0,2587755.0,2006160.0,799272.0,1206888.0,3987929.0,2262877.0,1725052.0,2276870.0,1579047.0,697823.0,1005446.0,548304.0,457142.0,73043.0,48599.0,24444.0,35803.0,27100.0,8703.0,1162578.0,955044.0,207534.0,1711059.0,683830.0,1027229.0,1319661.0,447294.0,872367.0,114385.0,60942.0,53443.0,28657.0,13895.0,14762.0,248356.0,161699.0,86657.0,1174614.0,473071.0,701543.0,877058.0,284778.0,592280.0,87088.0,47863.0,39225.0,20504.0,10713.0,9791.0,189964.0,129717.0,60247.0,536445.0,210759.0,325686.0,442603.0,162516.0,280087.0,27297.0,13079.0,14218.0,8153.0,3182.0,4971.0,58392.0,31982.0,26410.0,3681833.0,1612242.0,2069591.0,44117.0,61300705140.27783,5179461.172179132,135671,23641,110071,1920,39,1804,782,991,31
Jammu & Kashmir,1720670.0,9846782.0,5206972.0,4639810.0,1563877.0,840300.0,723577.0,922206.0,483564.0,438642.0,1116295.0,582733.0,533562.0,5683950.0,3403212.0,2280738.0,4162832.0,1803760.0,2359072.0,3439657.0,2524516.0,915141.0,2108245.0,1835662.0,272583.0,448212.0,382796.0,65416.0,114499.0,102012.0,12487.0,44956.0,33906.0,11050.0,1500578.0,1316948.0,183630.0,1331412.0,688854.0,642558.0,579519.0,234669.0,344850.0,285205.0,198039.0,87166.0,57323.0,18109.0,39214.0,409365.0,238037.0,171328.0,944187.0,519813.0,424374.0,383504.0,167366.0,216138.0,197277.0,144257.0,53020.0,39675.0,14150.0,25525.0,323731.0,194040.0,129691.0,387225.0,169041.0,218184.0,196015.0,67303.0,128712.0,87928.0,53782.0,34146.0,17648.0,3959.0,13689.0,85634.0,43997.0,41637.0,6407125.0,2682456.0,3724669.0,35980.0,51044099157.98391,5370806.549676969,133273,17666,113860,1747,0,1805,915,870,20
Jharkhand,5359649.0,28475618.0,14636806.0,13838812.0,4699001.0,2413166.0,2285835.0,3708241.0,1903821.0,1804420.0,6972920.0,3484875.0,3488045.0,15702560.0,9347940.0,6354620.0,12773058.0,5288866.0,7484192.0,11308826.0,7241837.0,4066989.0,5802685.0,4431313.0,1371372.0,1774998.0,1276505.0,498493.0,1102506.0,746262.0,356244.0,217459.0,121996.0,95463.0,2707722.0,2286550.0,421172.0,5506141.0,2810524.0,2695617.0,1600477.0,741324.0,859153.0,2791994.0,1337078.0,1454916.0,183506.0,72977.0,110529.0,930164.0,659145.0,271019.0,4335186.0,2327836.0,2007350.0,1245009.0,605781.0,639228.0,2192457.0,1108431.0,1084026.0,138041.0,57702.0,80339.0,759679.0,555922.0,203757.0,1170955.0,482688.0,688267.0,355468.0,135543.0,219925.0,599537.0,228647.0,370890.0,45465.0,15275.0,30190.0,170485.0,103223.0,67262.0,17166792.0,7394969.0,9771823.0,66390.0,80792237297.2166,8515169.634114185,158295,38274,118670,1351,0,0,0,0,0
Karnataka,6159357.0,29202877.0,14704479.0,14498398.0,3433403.0,1761075.0,1672328.0,5135351.0,2580170.0,2555181.0,2320072.0,1166991.0,1153081.0,19009653.0,10540442.0,8469211.0,10193224.0,4164037.0,6029187.0,13541143.0,8595983.0,4945160.0,11249352.0,7640633.0,3608719.0,3355100.0,2510826.0,844274.0,2830730.0,1419035.0,1411695.0,392102.0,153901.0,238201.0,4671420.0,3556871.0,1114549.0,2291791.0,955350.0,1336441.0,287466.0,99113.0,188353.0,1118437.0,370218.0,748219.0,118256.0,43083.0,75173.0,767632.0,442936.0,324696.0,2002426.0,825164.0,1177262.0,251232.0,85347.0,165885.0,1024357.0,336017.0,688340.0,94356.0,33659.0,60697.0,632481.0,370141.0,262340.0,289365.0,130186.0,159179.0,36234.0,13766.0,22468.0,94080.0,34201.0,59879.0,23900.0,9424.0,14476.0,135151.0,72795.0,62356.0,15661734.0,6108496.0,9553238.0,109665.0,118497725549.02522,10162841.554527406,360442,39320,316719,4396,7,0,0,0,0
Kerala,7853754.0,33406061.0,16027412.0,17378649.0,3472955.0,1768244.0,1704711.0,3039573.0,1477808.0,1561765.0,484839.0,238203.0,246636.0,28135824.0,13704903.0,14430921.0,5270237.0,2322509.0,2947728.0,11619063.0,8451569.0,3167494.0,9329747.0,7179828.0,2149919.0,544932.0,465546.0,79386.0,919136.0,629092.0,290044.0,198281.0,132111.0,66170.0,7667398.0,5953079.0,1714319.0,2289316.0,1271741.0,1017575.0,125321.0,81360.0,43961.0,403714.0,228903.0,174811.0,74741.0,32504.0,42237.0,1685540.0,928974.0,756566.0,1828203.0,1061697.0,766506.0,99718.0,65980.0,33738.0,322129.0,189591.0,132538.0,57615.0,25818.0,31797.0,1348741.0,780308.0,568433.0,461113.0,210044.0,251069.0,25603.0,15380.0,10223.0,81585.0,39312.0,42273.0,17126.0,6686.0,10440.0,336799.0,148666.0,188133.0,21786998.0,7575843.0,14211155.0,38852.0,40502030011.08121,5189182.338931761,1427546,232808,1189267,5139,332,21890,13919,7943,28
Ladakh,18338.0,140802.0,77785.0,63017.0,19928.0,10078.0,9850.0,18.0,12.0,6.0,122336.0,62652.0,59684.0,86236.0,56301.0,29935.0,54566.0,21484.0,33082.0,51873.0,39839.0,12034.0,28941.0,25174.0,3767.0,1834.0,1102.0,732.0,524.0,279.0,245.0,272.0,207.0,65.0,26311.0,23586.0,2725.0,22932.0,14665.0,8267.0,6432.0,3164.0,3268.0,3239.0,1566.0,1673.0,950.0,274.0,676.0,12311.0,9661.0,2650.0,15528.0,10021.0,5507.0,4148.0,1982.0,2166.0,2269.0,1117.0,1152.0,687.0,181.0,506.0,8424.0,6741.0,1683.0,7404.0,4644.0,2760.0,2284.0,1182.0,1102.0,970.0,449.0,521.0,263.0,93.0,170.0,3887.0,2920.0,967.0,88929.0,37946.0,50983.0,14036.0,21526165823.0515,1151337.47073635,2331,101,2186,44,0,0,0,0,0
Lakshadweep,11574.0,64473.0,33123.0,31350.0,7255.0,3797.0,3458.0,0.0,0.0,0.0,61120.0,30515.0,30605.0,52553.0,28023.0,24530.0,11920.0,5100.0,6820.0,18753.0,15318.0,3435.0,10804.0,9137.0,1667.0,0.0,0.0,0.0,0.0,0.0,0.0,97.0,66.0,31.0,10707.0,9071.0,1636.0,7949.0,6181.0,1768.0,0.0,0.0,0.0,0.0,0.0,0.0,167.0,68.0,99.0,7782.0,6113.0,1669.0,5362.0,4265.0,1097.0,0.0,0.0,0.0,0.0,0.0,0.0,121.0,42.0,79.0,5241.0,4223.0,1018.0,2587.0,1916.0,671.0,0.0,0.0,0.0,0.0,0.0,0.0,46.0,26.0,20.0,2541.0,1890.0,651.0,45720.0,17805.0,27915.0,30.0,220671404.58074102,281788.69398020697,2247,1179,1060,1,7,121,2,119,0
Madhya Pradesh,14208327.0,68351848.0,35416046.0,32935802.0,10159015.0,5299239.0,4859776.0,10792473.0,5624849.0,5167624.0,13981614.0,7043583.0,6938031.0,40414535.0,23753150.0,16661385.0,27937313.0,11662896.0,16274417.0,29589220.0,18935576.0,10653644.0,21094788.0,15304438.0,5790350.0,7673591.0,5670218.0,2003373.0,5911103.0,3622076.0,2289027.0,622344.0,377872.0,244472.0,6887750.0,5634272.0,1253478.0,8494432.0,3631138.0,4863294.0,1570560.0,535112.0,1035448.0,5290964.0,2176562.0,3114402.0,304945.0,111572.0,193373.0,1327963.0,807892.0,520071.0,6987569.0,3014658.0,3972911.0,1244928.0,412441.0,832487.0,4435497.0,1851433.0,2584064.0,237630.0,87223.0,150407.0,1069514.0,663561.0,405953.0,1506863.0,616480.0,890383.0,325632.0,122671.0,202961.0,855467.0,325129.0,530338.0,67315.0,24349.0,42966.0,258449.0,144331.0,114118.0,38762628.0,16480470.0,22282158.0,287742.0,344407326792.71423,31787643.83371486,487588,89057,393611,4920,0,12127,870,11173,84
Maharashtra,22853702.0,105038642.0,54476480.0,50562162.0,12477782.0,6575793.0,5901989.0,12243458.0,6244810.0,5998648.0,9903537.0,5010833.0,4892704.0,76303613.0,42336251.0,33967362.0,28735029.0,12140229.0,16594800.0,45657759.0,30487436.0,15170323.0,40473859.0,28071634.0,12402225.0,9952483.0,6301879.0,3650604.0,9905568.0,5247610.0,4657958.0,918174.0,568871.0,349303.0,19697634.0,15953274.0,3744360.0,5183900.0,2415802.0,2768098.0,980122.0,364361.0,615761.0,2159986.0,826542.0,1333444.0,210741.0,76968.0,133773.0,1833051.0,1147931.0,685120.0,4412857.0,2054165.0,2358692.0,816842.0,298147.0,518695.0,1875564.0,718128.0,1157436.0,161218.0,59804.0,101414.0,1559233.0,978086.0,581147.0,771043.0,361637.0,409406.0,163280.0,66214.0,97066.0,284422.0,108414.0,176008.0,49523.0,17164.0,32359.0,273818.0,169845.0,103973.0,59380883.0,23989044.0,35391839.0,275184.0,311294048519.71814,22957578.087348413,3996184,621238,3312833,60261,1852,42248,-26478,68312,414
Manipur,557859.0,2855794.0,1438586.0,1417208.0,375357.0,194484.0,180873.0,97328.0,48863.0,48465.0,1167422.0,588279.0,579143.0,1908476.0,1039858.0,868618.0,947318.0,398728.0,548590.0,1304610.0,739408.0,565202.0,974163.0,615135.0,359028.0,466768.0,281162.0,185606.0,45609.0,24534.0,21075.0,45924.0,14009.0,31915.0,415862.0,295430.0,120432.0,330447.0,124273.0,206174.0,107263.0,45947.0,61316.0,69309.0,21498.0,47811.0,45432.0,6861.0,38571.0,108443.0,49967.0,58476.0,260231.0,98584.0,161647.0,82008.0,34783.0,47225.0,51290.0,15744.0,35546.0,35389.0,5180.0,30209.0,91544.0,42877.0,48667.0,70216.0,25689.0,44527.0,25255.0,11164.0,14091.0,18019.0,5754.0,12265.0,10043.0,1681.0,8362.0,16899.0,7090.0,9809.0,1551184.0,699178.0,852006.0,22327.0,27401830674.880318,4572471.61018299,23663,22943,416,304,0,132,127,0,5
Meghalaya,482031.0,2571765.0,1295547.0,1276218.0,477625.0,242635.0,234990.0,16038.0,8373.0,7665.0,2179762.0,1083862.0,1095900.0,1597478.0,826508.0,770970.0,974287.0,469039.0,505248.0,1031439.0,614870.0,416569.0,810958.0,518253.0,292705.0,367605.0,216532.0,151073.0,96042.0,59474.0,36568.0,10686.0,5860.0,4826.0,336625.0,236387.0,100238.0,220481.0,96617.0,123864.0,76226.0,29882.0,46344.0,66556.0,27553.0,39003.0,7798.0,2691.0,5107.0,69901.0,36491.0,33410.0,173806.0,75634.0,98172.0,59401.0,22482.0,36919.0,52494.0,21739.0,30755.0,5557.0,1925.0,3632.0,56354.0,29488.0,26866.0,46675.0,20983.0,25692.0,16825.0,7400.0,9425.0,14062.0,5814.0,8248.0,2241.0,766.0,1475.0,13547.0,7003.0,6544.0,1540326.0,680677.0,859649.0,18610.0,27630737179.149216,3633364.179411103,16124,1403,14560,161,0,130,15,114,1
Mizoram,222853.0,1097206.0,555339.0,541867.0,168531.0,85561.0,82970.0,1218.0,807.0,411.0,1036115.0,516294.0,519821.0,848175.0,438529.0,409646.0,249031.0,116810.0,132221.0,486705.0,290740.0,195965.0,415030.0,263305.0,151725.0,202514.0,121598.0,80916.0,26464.0,16601.0,9863.0,5459.0,3109.0,2350.0,180593.0,121997.0,58596.0,71675.0,27435.0,44240.0,27089.0,7884.0,19205.0,15323.0,5887.0,9436.0,2393.0,785.0,1608.0,26870.0,12879.0,13991.0,53724.0,19626.0,34098.0,19136.0,4954.0,14182.0,11554.0,4196.0,7358.0,1831.0,595.0,1236.0,21203.0,9881.0,11322.0,17951.0,7809.0,10142.0,7953.0,2930.0,5023.0,3769.0,1691.0,2078.0,562.0,190.0,372.0,5667.0,2998.0,2669.0,610501.0,264599.0,345902.0,21081.0,24920292511.66135,3078406.0300525012,5327,672,4642,13,0,20,-30,50,0
NCT of Delhi,33208.0,142004.0,77942.0,64062.0,12760.0,6738.0,6022.0,33245.0,17885.0,15360.0,0.0,0.0,0.0,114179.0,65678.0,48501.0,27825.0,12264.0,15561.0,59541.0,46940.0,12601.0,56471.0,44916.0,11555.0,80.0,59.0,21.0,223.0,168.0,55.0,962.0,689.0,273.0,55206.0,44000.0,11206.0,3070.0,2024.0,1046.0,41.0,20.0,21.0,52.0,30.0,22.0,68.0,26.0,42.0,2909.0,1948.0,961.0,2534.0,1617.0,917.0,38.0,19.0,19.0,39.0,20.0,19.0,60.0,20.0,40.0,2397.0,1558.0,839.0,536.0,407.0,129.0,3.0,1.0,2.0,13.0,10.0,3.0,8.0,6.0,2.0,512.0,390.0,122.0,82463.0,31002.0,51461.0,35.0,47750463.0464554,36315.0993998992,37,37,0,0,0,0,0,0,0
Nagaland,396002.0,1978502.0,1024649.0,953853.0,291071.0,149785.0,141286.0,0.0,0.0,0.0,1710973.0,866027.0,844946.0,1342434.0,723957.0,618477.0,636068.0,300692.0,335376.0,974122.0,547357.0,426765.0,741179.0,442204.0,298975.0,420379.0,208221.0,212158.0,22571.0,12899.0,9672.0,9525.0,4731.0,4794.0,288704.0,216353.0,72351.0,232943.0,105153.0,127790.0,117323.0,51233.0,66090.0,40391.0,18958.0,21433.0,13313.0,4752.0,8561.0,61916.0,30210.0,31706.0,141978.0,61126.0,80852.0,65525.0,26077.0,39448.0,22788.0,10209.0,12579.0,8339.0,2750.0,5589.0,45326.0,22090.0,23236.0,90965.0,44027.0,46938.0,51798.0,25156.0,26642.0,17603.0,8749.0,8854.0,4974.0,2002.0,2972.0,16590.0,8120.0,8470.0,1004380.0,477292.0,527088.0,16579.0,20862021506.260876,3208104.729847081,13058,562,12120,98,278,55,52,3,0
Orissa,7956198.0,34662023.0,17486877.0,17175146.0,4403302.0,2265575.0,2137727.0,5631740.0,2828175.0,2803565.0,8810417.0,4337242.0,4473175.0,21602994.0,12234155.0,9368839.0,13059029.0,5252722.0,7806307.0,14741587.0,9827997.0,4913590.0,8867066.0,7212311.0,1654755.0,2688648.0,2380233.0,308415.0,1975486.0,1393267.0,582219.0,368141.0,258231.0,109910.0,3834791.0,3180580.0,654211.0,5874521.0,2615686.0,3258835.0,680398.0,377309.0,303089.0,3750360.0,1459283.0,2291077.0,294078.0,102312.0,191766.0,1149685.0,676782.0,472903.0,4826311.0,2201963.0,2624348.0,559729.0,320939.0,238790.0,3113505.0,1238037.0,1875468.0,228710.0,81946.0,146764.0,924367.0,561041.0,363326.0,1048210.0,413723.0,634487.0,120669.0,56370.0,64299.0,636855.0,221246.0,415609.0,65368.0,20366.0,45002.0,225318.0,115741.0,109577.0,19920436.0,7658880.0,12261556.0,134921.0,154068455631.1063,13665843.916018577,346841,39782,305230,1829,0,5636,2424,3203,9
Pondicherry,302450.0,1247953.0,612511.0,635442.0,132858.0,67527.0,65331.0,196325.0,95512.0,100813.0,0.0,0.0,0.0,957309.0,497378.0,459931.0,290644.0,115133.0,175511.0,444968.0,332931.0,112037.0,399689.0,306409.0,93280.0,10763.0,9187.0,1576.0,50607.0,33410.0,17197.0,6373.0,3520.0,2853.0,331946.0,260292.0,71654.0,45279.0,26522.0,18757.0,1336.0,846.0,490.0,17784.0,9384.0,8400.0,1519.0,527.0,992.0,24640.0,15765.0,8875.0,35827.0,21411.0,14416.0,1082.0,689.0,393.0,13607.0,7396.0,6211.0,1116.0,392.0,724.0,20022.0,12934.0,7088.0,9452.0,5111.0,4341.0,254.0,157.0,97.0,4177.0,1988.0,2189.0,403.0,135.0,268.0,4618.0,2831.0,1787.0,802985.0,279580.0,523405.0,490.0,559809759.0732795,546091.6134700861,54026,7510,45758,758,0,747,222,515,10
Punjab,4747306.0,23817740.0,12562953.0,11254787.0,2608053.0,1411847.0,1196206.0,7406668.0,3879558.0,3527110.0,0.0,0.0,0.0,16218203.0,9018641.0,7199562.0,7599537.0,3544312.0,4055225.0,8449346.0,6921685.0,1527661.0,7229133.0,6211561.0,1017572.0,1512283.0,1417654.0,94629.0,911995.0,794875.0,117120.0,273953.0,197342.0,76611.0,4530902.0,3801690.0,729212.0,1220213.0,710124.0,510089.0,103111.0,52856.0,50255.0,315684.0,186774.0,128910.0,78640.0,30848.0,47792.0,722778.0,439646.0,283132.0,990400.0,584137.0,406263.0,81586.0,44252.0,37334.0,241230.0,149193.0,92037.0,60480.0,23375.0,37105.0,607104.0,367317.0,239787.0,229813.0,125987.0,103826.0,21525.0,8604.0,12921.0,74454.0,37581.0,36873.0,18160.0,7473.0,10687.0,115674.0,72329.0,43345.0,15368394.0,5641268.0,9727126.0,41370.0,60928985905.49362,7485020.966428541,283479,37682,238236,7561,0,0,0,0,0
Rajasthan,11646668.0,62699656.0,32519393.0,30180263.0,9764977.0,5164653.0,4600324.0,11068198.0,5756475.0,5311723.0,9308473.0,4771320.0,4537153.0,34971932.0,21628205.0,13343727.0,27727724.0,10891188.0,16836536.0,27250289.0,16716727.0,10533562.0,19157360.0,13904700.0,5252660.0,8849567.0,5734920.0,3114647.0,2009566.0,1166454.0,843112.0,462819.0,332688.0,130131.0,7835408.0,6670638.0,1164770.0,8092929.0,2812027.0,5280902.0,3377538.0,1038784.0,2338754.0,2602211.0,804623.0,1797588.0,199775.0,69668.0,130107.0,1913405.0,898952.0,1014453.0,6472905.0,2240142.0,4232763.0,2667342.0,766407.0,1900935.0,2141023.0,667885.0,1473138.0,155391.0,54917.0,100474.0,1509149.0,750933.0,758216.0,1620024.0,571885.0,1048139.0,710196.0,272377.0,437819.0,461188.0,136738.0,324450.0,44384.0,14751.0,29633.0,404256.0,148019.0,256237.0,35449367.0,15802666.0,19646701.0,319265.0,401282708603.45197,23005640.06308715,511292,142064,365715,3513,0,16311,9925,6303,83
Tamil Nadu,17843790.0,69541262.0,34851487.0,34689775.0,7174683.0,3693793.0,3480890.0,14128318.0,7051953.0,7076365.0,754602.0,381423.0,373179.0,49719122.0,26960503.0,22758619.0,19822140.0,7890984.0,11931156.0,31855087.0,20698177.0,11156910.0,27070599.0,18318977.0,8751622.0,3828554.0,2492170.0,1336384.0,7111013.0,3726729.0,3384284.0,1095361.0,504584.0,590777.0,15035671.0,11595494.0,3440177.0,4784488.0,2379200.0,2405288.0,388648.0,217338.0,171310.0,2343567.0,1013471.0,1330096.0,229848.0,72472.0,157376.0,1822425.0,1075919.0,746506.0,4089728.0,2059482.0,2030246.0,344276.0,194368.0,149908.0,2016605.0,885995.0,1130610.0,175905.0,56551.0,119354.0,1552942.0,922568.0,630374.0,694760.0,319718.0,375042.0,44372.0,22970.0,21402.0,326962.0,127476.0,199486.0,53943.0,15921.0,38022.0,269483.0,153351.0,116132.0,37686175.0,14153310.0,23532865.0,125811.0,131391419606.70448,15784455.120732186,937703,91326,834601,11776,0,13389,1630,11675,84
Telangana,5058844.0,21244485.0,10620006.0,10624479.0,0.0,0.0,0.0,3738869.0,1852913.0,1885956.0,2228171.0,1127468.0,1100703.0,11613726.0,6695928.0,4917798.0,0.0,0.0,0.0,0.0,0.0,0.0,0.0,0.0,0.0,0.0,0.0,0.0,0.0,0.0,0.0,0.0,0.0,0.0,0.0,0.0,0.0,0.0,0.0,0.0,0.0,0.0,0.0,0.0,0.0,0.0,0.0,0.0,0.0,0.0,0.0,0.0,0.0,0.0,0.0,0.0,0.0,0.0,0.0,0.0,0.0,0.0,0.0,0.0,0.0,0.0,0.0,0.0,0.0,0.0,0.0,0.0,0.0,0.0,0.0,0.0,0.0,0.0,0.0,0.0,0.0,0.0,0.0,0.0,0.0,0.0,91509900272.59059,8269428.8650443405,190390,190222,166,2,0,3254,3254,0,0
Tripura,855556.0,3673917.0,1874376.0,1799541.0,458014.0,234008.0,224006.0,654918.0,334370.0,320548.0,1166813.0,588327.0,578486.0,2804783.0,1501369.0,1303414.0,869134.0,373007.0,496127.0,1469521.0,1045326.0,424195.0,1077019.0,887881.0,189138.0,246707.0,210117.0,36590.0,201863.0,156850.0,45013.0,19296.0,12814.0,6482.0,609153.0,508100.0,101053.0,392502.0,157445.0,235057.0,49240.0,18751.0,30489.0,151755.0,57256.0,94499.0,22200.0,4671.0,17529.0,169307.0,76767.0,92540.0,298562.0,126729.0,171833.0,40681.0,15605.0,25076.0,125005.0,47995.0,77010.0,16244.0,3405.0,12839.0,116632.0,59724.0,56908.0,93940.0,30716.0,63224.0,8559.0,3146.0,5413.0,26750.0,9261.0,17489.0,5956.0,1266.0,4690.0,52675.0,17043.0,35632.0,2204396.0,829050.0,1375346.0,10486.0,11075935876.682137,1909283.5300108138,31705,777,30554,351,23,94,36,58,0
Uttar Pradesh,30323950.0,181462539.0,94820564.0,86641975.0,27886927.0,14660767.0,13226160.0,36988098.0,19376771.0,17611327.0,1078596.0,552670.0,525926.0,104027818.0,61963102.0,42064716.0,77434721.0,32857462.0,44577259.0,59663710.0,45205472.0,14458238.0,40490363.0,33940728.0,6549635.0,14012408.0,12333501.0,1678907.0,8872720.0,7065820.0,1806900.0,2145806.0,1498910.0,646896.0,15459429.0,13042497.0,2416932.0,19173347.0,11264744.0,7908603.0,3140523.0,1615599.0,1524924.0,9274692.0,5473447.0,3801245.0,1324590.0,613908.0,710682.0,5433542.0,3561790.0,1871752.0,15272674.0,9194876.0,6077798.0,2399982.0,1270487.0,1129495.0,7310598.0,4452815.0,2857783.0,995818.0,472569.0,523249.0,4566276.0,2999005.0,1567271.0,3900673.0,2069868.0,1830805.0,740541.0,345112.0,395429.0,1964094.0,1020632.0,943462.0,328772.0,141339.0,187433.0,867266.0,562785.0,304481.0,121798829.0,49615092.0,72183737.0,222099.0,279148005066.4324,30162311.43943442,1001047,273312,717439,10295,1,30598,6089,24276,233
Uttarakhand,1557093.0,7508599.0,3805649.0,3702950.0,986220.0,520971.0,465249.0,1358881.0,690763.0,668118.0,283365.0,144110.0,139255.0,5207710.0,2910149.0,2297561.0,2300889.0,895500.0,1405389.0,3020002.0,1906738.0,1113264.0,2211033.0,1528293.0,682740.0,882471.0,434326.0,448145.0,167149.0,125328.0,41821.0,58691.0,40142.0,18549.0,1102722.0,928497.0,174225.0,808969.0,378445.0,430524.0,453685.0,162130.0,291555.0,119322.0,65864.0,53458.0,30031.0,11804.0,18227.0,205931.0,138647.0,67284.0,610002.0,291909.0,318093.0,328251.0,114899.0,213352.0,91094.0,53068.0,38026.0,22360.0,8994.0,13366.0,168297.0,114948.0,53349.0,198967.0,86536.0,112431.0,125434.0,47231.0,78203.0,28228.0,12796.0,15432.0,7671.0,2810.0,4861.0,37634.0,23699.0,13935.0,4488597.0,1898911.0,2589686.0,45794.0,61234777920.510864,5916900.166025197,120598,26108,90203,1909,2378,3733,2481,1202,50
West Bengal,9698956.0,43432767.0,22296161.0,21136606.0,5152688.0,2633831.0,2518857.0,9516655.0,4880179.0,4636476.0,2931446.0,1466039.0,1465407.0,28589703.0,15746363.0,12843340.0,14843064.0,6549798.0,8293266.0,16737079.0,12696817.0,4040262.0,12166056.0,10200756.0,1965300.0,2332836.0,2202378.0,130458.0,3199557.0,2710812.0,488745.0,741357.0,367077.0,374280.0,5892306.0,4920489.0,971817.0,4571023.0,2496061.0,2074962.0,493066.0,312127.0,180939.0,2349580.0,1353486.0,996094.0,450450.0,97066.0,353384.0,1277927.0,733382.0,544545.0,3541627.0,1984623.0,1557004.0,373338.0,244294.0,129044.0,1775373.0,1058960.0,716413.0,344359.0,74881.0,269478.0,1048557.0,606488.0,442069.0,1029396.0,511438.0,517958.0,119728.0,67833.0,51895.0,574207.0,294526.0,279681.0,106091.0,22185.0,83906.0,229370.0,126894.0,102476.0,26695688.0,9599344.0,17096344.0,46530.0,55324980258.3742,5248854.578271213,339211,42074,292136,5001,0,7003,2456,4512,35
